{"value": 49.7273, "params": {"alpha": 0.1, "batch_size": 256, "beta": 0.1, "dropout": 0.4, "lr": 0.0005}, "user_attrs": {"acc_mean": 49.727332293987274, "acc_std": 1.054793168891423, "cur_mean": 49.727332293987274, "write_loc": "out/result/REDDIT-MULTI-12K/MCCD/20221102124732883019424/"}, "system_attrs": {}, "intermediate_values": {"0": 50.2934, "1": 48.8684, "2": 50.2096, "3": 49.4552, "4": 50.2934, "5": 49.7066, "6": 50.2934, "7": 51.1316, "8": 49.9581, "9": 47.0638}, "state": "Complete"}